,Account,Password
0,computer password,"WSS%;{O05%K90cHfNVLs90DC)\<D98(;LgYRkiliuzk]09],RS06g+v94uADN04s*UF98tY0094[$G~)01%ry*\$o03Q@01Vw02$/WSS%;{O05%K90cHfNVLs90DC)\<D98(;LgYRkiliuzk]09]>"
1,wechat,WSS%;{O05%K90cHfNVLs90DC)\<D98(;LgYRkiliuzk]09]/RS06g+v94uADN04s*UF98tY0094[$G~)01%ry*\$o03Q@01Vw02$.WSS%;{O05%K90cHfNVLs90DC)\<D98(;LgYRkiliuzk]09]/
2,qq,"WSS%;{O05%K90cHfNVLs90DC)\<D98(;LgYRkiliuzk]09]>RS06g+v94uADN04s*UF98tY0094[$G~)01%ry*\$o03Q@01Vw02$/WSS%;{O05%K90cHfNVLs90DC)\<D98(;LgYRkiliuzk]09],"
3,12,"WSS%;{O05%K90cHfNVLs90DC)\<D98(;LgYRkiliuzk]09]?RS06g+v94uADN04s*UF98tY0094[$G~)01%ry*\$o03Q@01Vw02$>WSS%;{O05%K90cHfNVLs90DC)\<D98(;LgYRkiliuzk]09],"
4,computer,"WSS%;{O05%K90cHfNVLs90DC)\<D98(;LgYRkiliuzk]09],RS06g+v94uADN04s*UF98tY0094[$G~)01%ry*\$o03Q@01Vw02$.WSS%;{O05%K90cHfNVLs90DC)\<D98(;LgYRkiliuzk]09]>"
5,comehhh,"1.mmD06iH|[+)$b00<]gjWGpP$R&97v94h|=QfrBoltE[JG2.Q<SXD_@^G+T;93A G89P[aoL0295u'Q88=08S{(x]m06PS99]Y/T]L9488NyR09ufp03HUmF94P mH<VtL02P94qHmK92wg\Y%m#+.K{9009Uo95Hf@vizqkj92MVK&^Vz01*n0294XHcswQjiUsFAK.bhlln09#09xM&e&H93qR01Zd-Hrm0103u+}JB}mY*&04u[U00].A$!qf<ZuS06]+qW06~Sr]99~\I}Tf09\j880704ABqm01bpX\c,ETC(09WaPtH%S00Wi$n&{fuK^meBS_xJ&9796Z04yxH95%~&,"
6,fsdjgvhsdo,"K-t07zO-yM'P01C\07nK97Y|^WyMyJ:trdBt99N97#D0790T93[,N0209'tq09'!mdUB;09%q|!j $~98mjwk[PvPq~E#}ujkz08.E9705z|r08)OLM[D9500O02yjv:kiRROKs|YTgaH07l'\:a07I,K-t07zO-yM'P01C\07nK97Y|^WyMyJ:trdBt99N97#D0790T93[,T]L9488NyR09ufp03HUmF94P mH<VtL02P94qHmK92wg\Y%m#+>Lht;nM03fdK%:9300VWMc$99@01Crn00S*X!N}xW;E88:hXS08?N0209'tq09'!mdUB;09%q|!j $~98mjwk[PvPq~E#}ujkz08>E9705z|r08)OLM[D9500O02yjv:kiRROKs|YTgaH07l'\:a07I>T]L9488NyR09ufp03HUmF94P mH<VtL02P94qHmK92wg\Y%m#+,K-t07zO-yM'P01C\07nK97Y|^WyMyJ:trdBt99N97#D0790T93[>"
7,wehvsdh,"N0209'tq09'!mdUB;09%q|!j $~98mjwk[PvPq~E#}ujkz08.E9705z|r08)OLM[D9500O02yjv:kiRROKs|YTgaH07l'\:a07I,K-t07zO-yM'P01C\07nK97Y|^WyMyJ:trdBt99N97#D0790T93[>E9705z|r08)OLM[D9500O02yjv:kiRROKs|YTgaH07l'\:a07I.Lht;nM03fdK%:9300VWMc$99@01Crn00S*X!N}xW;E88:hXS08/N0209'tq09'!mdUB;09%q|!j $~98mjwk[PvPq~E#}ujkz08>K-t07zO-yM'P01C\07nK97Y|^WyMyJ:trdBt99N97#D0790T93[?T]L9488NyR09ufp03HUmF94P mH<VtL02P94qHmK92wg\Y%m#+/"
8,whihhcsfe,"g&HWK=ufVH t*09{Z;)Uu<r'00nUn95029896dIY*d95O9293'2/IWxys97P&[l99A91!~K}01g01i*88<N94'E8994I_89sUAsX95Jwj,RS06g+v94uADN04s*UF98tY0094[$G~)01%ry*\$o03Q@01Vw02$/N0209'tq09'!mdUB;09%q|!j $~98mjwk[PvPq~E#}ujkz08,T]L9488NyR09ufp03HUmF94P mH<VtL02P94qHmK92wg\Y%m#+.g&HWK=ufVH t*09{Z;)Uu<r'00nUn95029896dIY*d95O9293'2/atM@00o'i+td(!0598nqkmZm89O[;}dq91L:j)!Y$}S!99}!.Ju02)91%b_91luJ_98I~|SJej0902]i00~nRzpFW=98YWVQ93+05>bhlln09#09xM&e&H93qR01Zd-Hrm0103u+}JB}mY*&04u[U00]>N0209'tq09'!mdUB;09%q|!j $~98mjwk[PvPq~E#}ujkz08/T]L9488NyR09ufp03HUmF94P mH<VtL02P94qHmK92wg\Y%m#+?g&HWK=ufVH t*09{Z;)Uu<r'00nUn95029896dIY*d95O9293'2>"
